INSERT INTO part_category (id, name, description, enabled, created_at, updated_at) VALUES (1, 'Engine', 'Engine parts', true, TIMESTAMP '2025-10-01 00:00:00', TIMESTAMP '2025-10-01 00:00:00');
INSERT INTO part_category (id, name, description, enabled, created_at, updated_at) VALUES (2, 'Transmission', 'Transmission parts', true, TIMESTAMP '2025-10-01 00:00:00', TIMESTAMP '2025-10-01 00:00:00');
INSERT INTO car_model (id, name, enabled, created_at, updated_at) VALUES (1, 'Sonata DN8', true, TIMESTAMP '2025-10-01 00:00:00', TIMESTAMP '2025-10-01 00:00:00');
INSERT INTO car_model (id, name, enabled, created_at, updated_at) VALUES (2, 'Grandeur GN7', true, TIMESTAMP '2025-10-01 00:00:00', TIMESTAMP '2025-10-01 00:00:00');
INSERT INTO part (id, code, name, price, category_id, supplier_name, image_url, enabled, created_at, updated_at) VALUES (1, 'ENG-001', 'Engine Block', 500000, 1, 'Hyundai Mobis', null, true, TIMESTAMP '2025-10-01 00:00:00', TIMESTAMP '2025-10-01 00:00:00');
INSERT INTO part (id, code, name, price, category_id, supplier_name, image_url, enabled, created_at, updated_at) VALUES (2, 'ENG-002', 'Piston', 150000, 1, 'Hyundai Mobis', null, true, TIMESTAMP '2025-10-01 00:00:00', TIMESTAMP '2025-10-01 00:00:00');
INSERT INTO part (id, code, name, price, category_id, supplier_name, image_url, enabled, created_at, updated_at) VALUES (3, 'TRN-001', 'Clutch Disc', 200000, 2, 'Mando', null, true, TIMESTAMP '2025-10-01 00:00:00', TIMESTAMP '2025-10-01 00:00:00');
INSERT INTO part_car_model (id, part_id, car_model_id, note, enabled, created_at, updated_at) VALUES (1, 1, 1, null, true, TIMESTAMP '2025-10-01 00:00:00', TIMESTAMP '2025-10-01 00:00:00');
INSERT INTO part_car_model (id, part_id, car_model_id, note, enabled, created_at, updated_at) VALUES (2, 1, 2, null, true, TIMESTAMP '2025-10-01 00:00:00', TIMESTAMP '2025-10-01 00:00:00');
INSERT INTO part_car_model (id, part_id, car_model_id, note, enabled, created_at, updated_at) VALUES (3, 2, 1, null, true, TIMESTAMP '2025-10-01 00:00:00', TIMESTAMP '2025-10-01 00:00:00');
INSERT INTO part_car_model (id, part_id, car_model_id, note, enabled, created_at, updated_at) VALUES (4, 3, 2, null, true, TIMESTAMP '2025-10-01 00:00:00', TIMESTAMP '2025-10-01 00:00:00');
INSERT INTO inventory_onhand (id, warehouse_code, part_id, on_hand_qty, last_updated_at, created_at, updated_at) VALUES (1, '서울', 1, 100, TIMESTAMP '2025-10-15 00:00:00', TIMESTAMP '2025-10-15 00:00:00', TIMESTAMP '2025-10-15 00:00:00');
INSERT INTO inventory_onhand (id, warehouse_code, part_id, on_hand_qty, last_updated_at, created_at, updated_at) VALUES (2, '서울', 2, 50, TIMESTAMP '2025-10-15 00:00:00', TIMESTAMP '2025-10-15 00:00:00', TIMESTAMP '2025-10-15 00:00:00');
INSERT INTO inventory_onhand (id, warehouse_code, part_id, on_hand_qty, last_updated_at, created_at, updated_at) VALUES (3, '부산', 3, 30, TIMESTAMP '2025-10-15 00:00:00', TIMESTAMP '2025-10-15 00:00:00', TIMESTAMP '2025-10-15 00:00:00');
INSERT INTO shipping_note (note_id, branch_name, item_kinds_number, total_qty, warehouse_code, shipping_no, requested_at, expected_ship_date, shipped_at, assignee_name, assignee_dept, assignee_phone, remark, status, completed_at, created_at, updated_at) VALUES (1, 'ACME', 2, 40, '서울', 'OUT-SEO-20251020-001', TIMESTAMP '2025-10-20 08:30:00', TIMESTAMP '2025-10-22 08:30:00', NULL, 'HAN', 'WH', '010-1000-1000', NULL, 'PENDING', NULL, TIMESTAMP '2025-10-20 09:00:00', TIMESTAMP '2025-10-20 09:00:00');
INSERT INTO shipping_note (note_id, branch_name, item_kinds_number, total_qty, warehouse_code, shipping_no, requested_at, expected_ship_date, shipped_at, assignee_name, assignee_dept, assignee_phone, remark, status, completed_at, created_at, updated_at) VALUES (2, 'BETA', 1, 10, '서울', 'OUT-SEO-20251021-002', TIMESTAMP '2025-10-21 11:00:00', TIMESTAMP '2025-10-23 11:00:00', NULL, 'KIM', 'WH', '010-2000-2000', 'Late picking', 'IN_PROGRESS', NULL, TIMESTAMP '2025-10-20 09:00:00', TIMESTAMP '2025-10-20 09:00:00');
INSERT INTO shipping_note (note_id, branch_name, item_kinds_number, total_qty, warehouse_code, shipping_no, requested_at, expected_ship_date, shipped_at, assignee_name, assignee_dept, assignee_phone, remark, status, completed_at, created_at, updated_at) VALUES (3, 'GAMMA', 2, 25, '부산', 'OUT-BUS-20251021-003', TIMESTAMP '2025-10-21 01:00:00', TIMESTAMP '2025-10-23 01:00:00', TIMESTAMP '2025-10-22 00:30:00', 'LEE', 'WH', '010-3000-3000', 'Awaiting truck', 'DELAYED', TIMESTAMP '2025-10-22 02:00:00', TIMESTAMP '2025-10-21 09:00:00', TIMESTAMP '2025-10-21 09:00:00');
INSERT INTO shipping_note_line (line_id, note_id, product_id, product_name, ordered_qty, picked_qty, status) VALUES (1, 1, 1, 'Engine Block', 20, 0, 'PENDING');
INSERT INTO shipping_note_line (line_id, note_id, product_id, product_name, ordered_qty, picked_qty, status) VALUES (2, 1, 2, 'Piston', 20, 0, 'PENDING');
INSERT INTO shipping_note_line (line_id, note_id, product_id, product_name, ordered_qty, picked_qty, status) VALUES (3, 2, 1, 'Engine Block', 10, 0, 'PENDING');
INSERT INTO shipping_note_line (line_id, note_id, product_id, product_name, ordered_qty, picked_qty, status) VALUES (4, 3, 3, 'Clutch Disc', 15, 15, 'READY');
INSERT INTO shipping_note_line (line_id, note_id, product_id, product_name, ordered_qty, picked_qty, status) VALUES (5, 3, 1, 'Engine Block', 10, 10, 'READY');
INSERT INTO receiving_note (note_id, supplier_name, item_kinds_number, total_qty, warehouse_code, receiving_no, requested_at, expected_receive_date, received_at, inspector_name, inspector_dept, inspector_phone, remark, status, completed_at, created_at, updated_at) VALUES (1, 'Hyundai Mobis', 1, 50, '서울', 'IN-SEO-20251018-001', TIMESTAMP '2025-10-18 09:00:00', TIMESTAMP '2025-10-19 14:00:00', TIMESTAMP '2025-10-19 13:45:00', 'HONG', 'WH', '010-6000-6000', NULL, 'COMPLETED_OK', TIMESTAMP '2025-10-19 15:30:00', TIMESTAMP '2025-10-18 09:00:00', TIMESTAMP '2025-10-19 15:30:00');
INSERT INTO receiving_note (note_id, supplier_name, item_kinds_number, total_qty, warehouse_code, receiving_no, requested_at, expected_receive_date, received_at, inspector_name, inspector_dept, inspector_phone, remark, status, completed_at, created_at, updated_at) VALUES (2, 'Mando', 1, 30, '부산', 'IN-BUS-20251019-002', TIMESTAMP '2025-10-19 10:00:00', TIMESTAMP '2025-10-20 16:00:00', NULL, 'YOO', 'WH', '010-7000-7000', NULL, 'PENDING', NULL, TIMESTAMP '2025-10-19 10:00:00', TIMESTAMP '2025-10-19 10:00:00');
INSERT INTO receiving_note_line (line_id, note_id, product_id, product_name, ordered_qty, inspected_qty, status, remark, created_at, updated_at) VALUES (1, 1, 1, 'Engine Block', 50, 50, 'ACCEPTED', NULL, TIMESTAMP '2025-10-18 09:00:00', TIMESTAMP '2025-10-19 15:00:00');
INSERT INTO receiving_note_line (line_id, note_id, product_id, product_name, ordered_qty, inspected_qty, status, remark, created_at, updated_at) VALUES (2, 2, 3, 'Clutch Disc', 30, 0, 'PENDING', NULL, TIMESTAMP '2025-10-19 10:00:00', TIMESTAMP '2025-10-19 10:00:00');
SELECT setval('shipping_note_note_id_seq', (SELECT MAX(note_id) FROM shipping_note));
SELECT setval('shipping_note_line_line_id_seq', (SELECT MAX(line_id) FROM shipping_note_line));
SELECT setval('receiving_note_note_id_seq', (SELECT MAX(note_id) FROM receiving_note));
SELECT setval('receiving_note_line_line_id_seq', (SELECT MAX(line_id) FROM receiving_note_line));
SELECT setval('part_id_seq', (SELECT MAX(id) FROM part));
SELECT setval('part_category_id_seq', (SELECT MAX(id) FROM part_category));
SELECT setval('car_model_id_seq', (SELECT MAX(id) FROM car_model));
SELECT setval('part_car_model_id_seq', (SELECT MAX(id) FROM part_car_model));
SELECT setval('inventory_onhand_id_seq', (SELECT MAX(id) FROM inventory_onhand));