-- import_2.sql
-- Purpose: Supplementary seed data for local runs. Do NOT modify import.sql; swap filenames before startup to apply.
-- Conventions:
-- - IDs (id, note_id, line_id) are IDENTITY-generated; we never insert them explicitly.
-- - Part codes use category-name prefix (first two characters) + dash + 3-digit sequence, including Korean prefixes.
-- - Warehouse codes are exactly: 서울, 대전, 부산, 대구, 광주.
-- - Timestamps are UTC-equivalent TIMESTAMP literals.
-- - Note numbers follow the generator’s format but are set explicitly here.

-- 1) Categories (5)
INSERT INTO part_category (name, description, enabled) VALUES ('필터', 'Filter parts', true);
INSERT INTO part_category (name, description, enabled) VALUES ('볼트', 'Bolt & fasteners', true);
INSERT INTO part_category (name, description, enabled) VALUES ('오일', 'Oils & fluids', true);
INSERT INTO part_category (name, description, enabled) VALUES ('전장', 'Electrical components', true);
INSERT INTO part_category (name, description, enabled) VALUES ('차체', 'Body/exterior', true);

-- 2) Parts (>=10) with Korean two-char prefixes in codes; supplierName filled for demo
-- Columns: code, name, supplier_name, price, category_id, image_url, safety_stock_qty, enabled
INSERT INTO part (code, name, supplier_name, price, category_id, image_url, safety_stock_qty, enabled) VALUES ('필터-001', '오일 필터', 'HanKorea', 12000, (SELECT id FROM part_category WHERE name='필터'), '/img/filter-001.png', 5, true);
INSERT INTO part (code, name, supplier_name, price, category_id, image_url, safety_stock_qty, enabled) VALUES ('필터-002', '에어 필터', 'MegaParts', 9000, (SELECT id FROM part_category WHERE name='필터'), '/img/filter-002.png', 4, true);
INSERT INTO part (code, name, supplier_name, price, category_id, image_url, safety_stock_qty, enabled) VALUES ('볼트-001', '육각 볼트 M10', 'NeoAuto', 300, (SELECT id FROM part_category WHERE name='볼트'), NULL, 50, true);
INSERT INTO part (code, name, supplier_name, price, category_id, image_url, safety_stock_qty, enabled) VALUES ('볼트-002', '육각 볼트 M12', 'AutoMax', 350, (SELECT id FROM part_category WHERE name='볼트'), NULL, 60, true);
INSERT INTO part (code, name, supplier_name, price, category_id, image_url, safety_stock_qty, enabled) VALUES ('오일-001', '엔진 오일 1L', 'CoreSys', 18000, (SELECT id FROM part_category WHERE name='오일'), '/img/oil-001.png', 8, true);
INSERT INTO part (code, name, supplier_name, price, category_id, image_url, safety_stock_qty, enabled) VALUES ('오일-002', 'ATF 오일', 'HanKorea', 22000, (SELECT id FROM part_category WHERE name='오일'), '/img/oil-002.png', 6, true);
INSERT INTO part (code, name, supplier_name, price, category_id, image_url, safety_stock_qty, enabled) VALUES ('전장-001', '알터네이터', 'MegaParts', 210000, (SELECT id FROM part_category WHERE name='전장'), '/img/alt-001.png', 2, true);
INSERT INTO part (code, name, supplier_name, price, category_id, image_url, safety_stock_qty, enabled) VALUES ('전장-002', '배터리 70Ah', 'NeoAuto', 150000, (SELECT id FROM part_category WHERE name='전장'), '/img/batt-002.png', 3, true);
INSERT INTO part (code, name, supplier_name, price, category_id, image_url, safety_stock_qty, enabled) VALUES ('차체-001', '프런트 범퍼', 'AutoMax', 320000, (SELECT id FROM part_category WHERE name='차체'), '/img/bumper-001.png', 1, true);
INSERT INTO part (code, name, supplier_name, price, category_id, image_url, safety_stock_qty, enabled) VALUES ('차체-002', '도어 핸들', 'CoreSys', 45000, (SELECT id FROM part_category WHERE name='차체'), NULL, 5, true);

-- 3) Car models (5) and mappings (10+)
INSERT INTO car_model (name, enabled) VALUES ('아반떼', true);
INSERT INTO car_model (name, enabled) VALUES ('투싼', true);
INSERT INTO car_model (name, enabled) VALUES ('쏘나타', true);
INSERT INTO car_model (name, enabled) VALUES ('스포티지', true);
INSERT INTO car_model (name, enabled) VALUES ('스타리아', true);

-- Map parts to models (use subselects to resolve ids)
INSERT INTO part_car_model (part_id, car_model_id, note, enabled) VALUES ((SELECT id FROM part WHERE code='필터-001'), (SELECT id FROM car_model WHERE name='아반떼'), NULL, true);
INSERT INTO part_car_model (part_id, car_model_id, note, enabled) VALUES ((SELECT id FROM part WHERE code='필터-001'), (SELECT id FROM car_model WHERE name='쏘나타'), NULL, true);
INSERT INTO part_car_model (part_id, car_model_id, note, enabled) VALUES ((SELECT id FROM part WHERE code='필터-002'), (SELECT id FROM car_model WHERE name='투싼'), NULL, true);
INSERT INTO part_car_model (part_id, car_model_id, note, enabled) VALUES ((SELECT id FROM part WHERE code='필터-002'), (SELECT id FROM car_model WHERE name='스포티지'), NULL, true);
INSERT INTO part_car_model (part_id, car_model_id, note, enabled) VALUES ((SELECT id FROM part WHERE code='볼트-001'), (SELECT id FROM car_model WHERE name='아반떼'), NULL, true);
INSERT INTO part_car_model (part_id, car_model_id, note, enabled) VALUES ((SELECT id FROM part WHERE code='볼트-001'), (SELECT id FROM car_model WHERE name='스타리아'), NULL, true);
INSERT INTO part_car_model (part_id, car_model_id, note, enabled) VALUES ((SELECT id FROM part WHERE code='볼트-002'), (SELECT id FROM car_model WHERE name='투싼'), NULL, true);
INSERT INTO part_car_model (part_id, car_model_id, note, enabled) VALUES ((SELECT id FROM part WHERE code='오일-001'), (SELECT id FROM car_model WHERE name='쏘나타'), NULL, true);
INSERT INTO part_car_model (part_id, car_model_id, note, enabled) VALUES ((SELECT id FROM part WHERE code='오일-002'), (SELECT id FROM car_model WHERE name='스타리아'), NULL, true);
INSERT INTO part_car_model (part_id, car_model_id, note, enabled) VALUES ((SELECT id FROM part WHERE code='전장-001'), (SELECT id FROM car_model WHERE name='스포티지'), NULL, true);
INSERT INTO part_car_model (part_id, car_model_id, note, enabled) VALUES ((SELECT id FROM part WHERE code='전장-002'), (SELECT id FROM car_model WHERE name='아반떼'), NULL, true);
INSERT INTO part_car_model (part_id, car_model_id, note, enabled) VALUES ((SELECT id FROM part WHERE code='차체-001'), (SELECT id FROM car_model WHERE name='스포티지'), NULL, true);
INSERT INTO part_car_model (part_id, car_model_id, note, enabled) VALUES ((SELECT id FROM part WHERE code='차체-002'), (SELECT id FROM car_model WHERE name='투싼'), NULL, true);

-- 4) Inventory on-hand (>=15 across 5 warehouses); include supplier snapshots and UTC timestamps
-- Columns: warehouse_code, part_id, on_hand_qty, supplier_name, last_updated_at
INSERT INTO inventory_onhand (warehouse_code, part_id, on_hand_qty, supplier_name, last_updated_at) VALUES ('서울', (SELECT id FROM part WHERE code='필터-001'), 3, 'HanKorea', TIMESTAMP '2025-11-02 00:00:00'); -- lowStock true (safety 5)
INSERT INTO inventory_onhand (warehouse_code, part_id, on_hand_qty, supplier_name, last_updated_at) VALUES ('서울', (SELECT id FROM part WHERE code='볼트-001'), 200, 'NeoAuto', TIMESTAMP '2025-11-02 00:00:00');
INSERT INTO inventory_onhand (warehouse_code, part_id, on_hand_qty, supplier_name, last_updated_at) VALUES ('서울', (SELECT id FROM part WHERE code='전장-001'), 1, 'MegaParts', TIMESTAMP '2025-11-02 00:00:00'); -- lowStock true (safety 2)
INSERT INTO inventory_onhand (warehouse_code, part_id, on_hand_qty, supplier_name, last_updated_at) VALUES ('대전', (SELECT id FROM part WHERE code='필터-002'), 6, 'MegaParts', TIMESTAMP '2025-11-02 00:00:00');
INSERT INTO inventory_onhand (warehouse_code, part_id, on_hand_qty, supplier_name, last_updated_at) VALUES ('대전', (SELECT id FROM part WHERE code='오일-001'), 7, 'CoreSys', TIMESTAMP '2025-11-02 00:00:00'); -- lowStock false (safety 8 -> actually 7<8 lowStock true)
INSERT INTO inventory_onhand (warehouse_code, part_id, on_hand_qty, supplier_name, last_updated_at) VALUES ('부산', (SELECT id FROM part WHERE code='오일-002'), 3, 'HanKorea', TIMESTAMP '2025-11-02 00:00:00'); -- lowStock true (safety 6)
INSERT INTO inventory_onhand (warehouse_code, part_id, on_hand_qty, supplier_name, last_updated_at) VALUES ('부산', (SELECT id FROM part WHERE code='볼트-002'), 120, 'AutoMax', TIMESTAMP '2025-11-02 00:00:00');
INSERT INTO inventory_onhand (warehouse_code, part_id, on_hand_qty, supplier_name, last_updated_at) VALUES ('대구', (SELECT id FROM part WHERE code='차체-001'), 2, 'AutoMax', TIMESTAMP '2025-11-02 00:00:00'); -- lowStock true (safety 1 -> 2>1 so false)
INSERT INTO inventory_onhand (warehouse_code, part_id, on_hand_qty, supplier_name, last_updated_at) VALUES ('대구', (SELECT id FROM part WHERE code='전장-002'), 1, 'NeoAuto', TIMESTAMP '2025-11-02 00:00:00'); -- lowStock true (safety 3)
INSERT INTO inventory_onhand (warehouse_code, part_id, on_hand_qty, supplier_name, last_updated_at) VALUES ('광주', (SELECT id FROM part WHERE code='차체-002'), 4, 'CoreSys', TIMESTAMP '2025-11-02 00:00:00');
INSERT INTO inventory_onhand (warehouse_code, part_id, on_hand_qty, supplier_name, last_updated_at) VALUES ('광주', (SELECT id FROM part WHERE code='필터-001'), 8, 'HanKorea', TIMESTAMP '2025-11-02 00:00:00');
INSERT INTO inventory_onhand (warehouse_code, part_id, on_hand_qty, supplier_name, last_updated_at) VALUES ('부산', (SELECT id FROM part WHERE code='전장-001'), 0, 'MegaParts', TIMESTAMP '2025-11-02 00:00:00');
INSERT INTO inventory_onhand (warehouse_code, part_id, on_hand_qty, supplier_name, last_updated_at) VALUES ('서울', (SELECT id FROM part WHERE code='오일-001'), 5, 'CoreSys', TIMESTAMP '2025-11-02 00:00:00');
INSERT INTO inventory_onhand (warehouse_code, part_id, on_hand_qty, supplier_name, last_updated_at) VALUES ('대전', (SELECT id FROM part WHERE code='볼트-002'), 30, 'AutoMax', TIMESTAMP '2025-11-02 00:00:00');
INSERT INTO inventory_onhand (warehouse_code, part_id, on_hand_qty, supplier_name, last_updated_at) VALUES ('광주', (SELECT id FROM part WHERE code='오일-002'), 10, 'HanKorea', TIMESTAMP '2025-11-02 00:00:00');

-- 5) Receiving notes (>=5) with explicit numbers; LOT: supplier3-(requestedAt-7d yyyymmdd)-partCode
-- Columns: supplier_name, item_kinds_number, total_qty, warehouse_code, receiving_no, requested_at, expected_receive_date, received_at,
--          inspector_name, inspector_dept, inspector_phone, remark, status, completed_at
INSERT INTO receiving_note (supplier_name, item_kinds_number, total_qty, warehouse_code, receiving_no, requested_at, expected_receive_date, received_at, inspector_name, inspector_dept, inspector_phone, remark, status, completed_at) VALUES ('HanKorea', 2, 40, '서울', 'IN-서울-20251102-001', TIMESTAMP '2025-11-02 09:00:00', TIMESTAMP '2025-11-04 09:00:00', TIMESTAMP '2025-11-03 15:30:00', 'WAREHOUSE', 'DEFAULT', '010-1000-1000', NULL, 'COMPLETED_OK', TIMESTAMP '2025-11-03 16:00:00');
INSERT INTO receiving_note (supplier_name, item_kinds_number, total_qty, warehouse_code, receiving_no, requested_at, expected_receive_date, received_at, inspector_name, inspector_dept, inspector_phone, remark, status, completed_at) VALUES ('MegaParts', 2, 25, '대전', 'IN-대전-20251103-001', TIMESTAMP '2025-11-03 10:00:00', TIMESTAMP '2025-11-05 10:00:00', NULL, NULL, NULL, NULL, 'Delay in transit', 'PENDING', NULL);
INSERT INTO receiving_note (supplier_name, item_kinds_number, total_qty, warehouse_code, receiving_no, requested_at, expected_receive_date, received_at, inspector_name, inspector_dept, inspector_phone, remark, status, completed_at) VALUES ('NeoAuto', 3, 60, '부산', 'IN-부산-20251104-001', TIMESTAMP '2025-11-04 11:00:00', TIMESTAMP '2025-11-06 11:00:00', NULL, 'WAREHOUSE', 'DEFAULT', '010-2000-2000', NULL, 'IN_PROGRESS', NULL);
INSERT INTO receiving_note (supplier_name, item_kinds_number, total_qty, warehouse_code, receiving_no, requested_at, expected_receive_date, received_at, inspector_name, inspector_dept, inspector_phone, remark, status, completed_at) VALUES ('AutoMax', 2, 35, '대구', 'IN-대구-20251105-001', TIMESTAMP '2025-11-05 08:30:00', TIMESTAMP '2025-11-07 08:30:00', TIMESTAMP '2025-11-06 17:10:00', 'WAREHOUSE', 'DEFAULT', '010-3000-3000', 'Damaged box', 'COMPLETED_ISSUE', TIMESTAMP '2025-11-06 18:00:00');
INSERT INTO receiving_note (supplier_name, item_kinds_number, total_qty, warehouse_code, receiving_no, requested_at, expected_receive_date, received_at, inspector_name, inspector_dept, inspector_phone, remark, status, completed_at) VALUES ('CoreSys', 2, 20, '광주', 'IN-광주-20251106-001', TIMESTAMP '2025-11-06 14:00:00', TIMESTAMP '2025-11-08 14:00:00', NULL, NULL, NULL, NULL, NULL, 'PENDING', NULL);

-- Receiving lines (>=12)
INSERT INTO receiving_note_line (note_id, product_id, product_lot, product_code, product_name, product_img_url, ordered_qty, inspected_qty, status, remark) VALUES ((SELECT note_id FROM receiving_note WHERE receiving_no='IN-서울-20251102-001'), (SELECT id FROM part WHERE code='필터-001'), 'Han-20251026-필터-001', '필터-001', '오일 필터', '/img/filter-001.png', 20, 20, 'ACCEPTED', NULL);
INSERT INTO receiving_note_line (note_id, product_id, product_lot, product_code, product_name, product_img_url, ordered_qty, inspected_qty, status, remark) VALUES ((SELECT note_id FROM receiving_note WHERE receiving_no='IN-서울-20251102-001'), (SELECT id FROM part WHERE code='볼트-001'), 'Han-20251026-볼트-001', '볼트-001', '육각 볼트 M10', NULL, 20, 20, 'ACCEPTED', NULL);
INSERT INTO receiving_note_line (note_id, product_id, product_lot, product_code, product_name, product_img_url, ordered_qty, inspected_qty, status, remark) VALUES ((SELECT note_id FROM receiving_note WHERE receiving_no='IN-대전-20251103-001'), (SELECT id FROM part WHERE code='오일-001'), 'Meg-20251027-오일-001', '오일-001', '엔진 오일 1L', '/img/oil-001.png', 15, 0, 'PENDING', NULL);
INSERT INTO receiving_note_line (note_id, product_id, product_lot, product_code, product_name, product_img_url, ordered_qty, inspected_qty, status, remark) VALUES ((SELECT note_id FROM receiving_note WHERE receiving_no='IN-대전-20251103-001'), (SELECT id FROM part WHERE code='전장-002'), 'Meg-20251027-전장-002', '전장-002', '배터리 70Ah', '/img/batt-002.png', 10, 0, 'PENDING', NULL);
INSERT INTO receiving_note_line (note_id, product_id, product_lot, product_code, product_name, product_img_url, ordered_qty, inspected_qty, status, remark) VALUES ((SELECT note_id FROM receiving_note WHERE receiving_no='IN-부산-20251104-001'), (SELECT id FROM part WHERE code='필터-002'), 'Neo-20251028-필터-002', '필터-002', '에어 필터', '/img/filter-002.png', 20, 0, 'PENDING', NULL);
INSERT INTO receiving_note_line (note_id, product_id, product_lot, product_code, product_name, product_img_url, ordered_qty, inspected_qty, status, remark) VALUES ((SELECT note_id FROM receiving_note WHERE receiving_no='IN-부산-20251104-001'), (SELECT id FROM part WHERE code='볼트-002'), 'Neo-20251028-볼트-002', '볼트-002', '육각 볼트 M12', NULL, 20, 0, 'PENDING', NULL);
INSERT INTO receiving_note_line (note_id, product_id, product_lot, product_code, product_name, product_img_url, ordered_qty, inspected_qty, status, remark) VALUES ((SELECT note_id FROM receiving_note WHERE receiving_no='IN-부산-20251104-001'), (SELECT id FROM part WHERE code='차체-001'), 'Neo-20251028-차체-001', '차체-001', '프런트 범퍼', '/img/bumper-001.png', 20, 0, 'PENDING', NULL);
INSERT INTO receiving_note_line (note_id, product_id, product_lot, product_code, product_name, product_img_url, ordered_qty, inspected_qty, status, remark) VALUES ((SELECT note_id FROM receiving_note WHERE receiving_no='IN-대구-20251105-001'), (SELECT id FROM part WHERE code='오일-002'), 'Aut-20251029-오일-002', '오일-002', 'ATF 오일', '/img/oil-002.png', 15, 12, 'REJECTED', 'Leak detected');
INSERT INTO receiving_note_line (note_id, product_id, product_lot, product_code, product_name, product_img_url, ordered_qty, inspected_qty, status, remark) VALUES ((SELECT note_id FROM receiving_note WHERE receiving_no='IN-대구-20251105-001'), (SELECT id FROM part WHERE code='전장-001'), 'Aut-20251029-전장-001', '전장-001', '알터네이터', '/img/alt-001.png', 20, 20, 'ACCEPTED', NULL);
INSERT INTO receiving_note_line (note_id, product_id, product_lot, product_code, product_name, product_img_url, ordered_qty, inspected_qty, status, remark) VALUES ((SELECT note_id FROM receiving_note WHERE receiving_no='IN-광주-20251106-001'), (SELECT id FROM part WHERE code='차체-002'), 'Cor-20251030-차체-002', '차체-002', '도어 핸들', NULL, 10, 0, 'PENDING', NULL);
INSERT INTO receiving_note_line (note_id, product_id, product_lot, product_code, product_name, product_img_url, ordered_qty, inspected_qty, status, remark) VALUES ((SELECT note_id FROM receiving_note WHERE receiving_no='IN-광주-20251106-001'), (SELECT id FROM part WHERE code='볼트-001'), 'Cor-20251030-볼트-001', '볼트-001', '육각 볼트 M10', NULL, 10, 0, 'PENDING', NULL);
INSERT INTO receiving_note_line (note_id, product_id, product_lot, product_code, product_name, product_img_url, ordered_qty, inspected_qty, status, remark) VALUES ((SELECT note_id FROM receiving_note WHERE receiving_no='IN-광주-20251106-001'), (SELECT id FROM part WHERE code='필터-001'), 'Cor-20251030-필터-001', '필터-001', '오일 필터', '/img/filter-001.png', 0, 0, 'PENDING', 'Backordered');

-- 6) Shipping notes (>=5) with explicit numbers; LOT: supplier3-(requestedAt-3d yyyymmdd)-partCode
INSERT INTO shipping_note (branch_name, item_kinds_number, total_qty, warehouse_code, shipping_no, requested_at, expected_ship_date, shipped_at, assignee_name, assignee_dept, assignee_phone, remark, status, completed_at) VALUES ('ACME', 2, 30, '부산', 'OUT-부산-20251103-001', TIMESTAMP '2025-11-03 09:00:00', TIMESTAMP '2025-11-05 09:00:00', NULL, 'WAREHOUSE', 'DEFAULT', '010-4000-4000', NULL, 'IN_PROGRESS', NULL);
INSERT INTO shipping_note (branch_name, item_kinds_number, total_qty, warehouse_code, shipping_no, requested_at, expected_ship_date, shipped_at, assignee_name, assignee_dept, assignee_phone, remark, status, completed_at) VALUES ('BETA', 3, 25, '서울', 'OUT-서울-20251104-001', TIMESTAMP '2025-11-04 10:00:00', TIMESTAMP '2025-11-06 10:00:00', NULL, 'WAREHOUSE', 'DEFAULT', '010-5000-5000', 'Urgent', 'PENDING', NULL);
INSERT INTO shipping_note (branch_name, item_kinds_number, total_qty, warehouse_code, shipping_no, requested_at, expected_ship_date, shipped_at, assignee_name, assignee_dept, assignee_phone, remark, status, completed_at) VALUES ('GAMMA', 2, 20, '대전', 'OUT-대전-20251105-001', TIMESTAMP '2025-11-05 11:00:00', TIMESTAMP '2025-11-07 11:00:00', NULL, 'WAREHOUSE', 'DEFAULT', '010-6000-6000', NULL, 'DELAYED', TIMESTAMP '2025-11-06 12:00:00');
INSERT INTO shipping_note (branch_name, item_kinds_number, total_qty, warehouse_code, shipping_no, requested_at, expected_ship_date, shipped_at, assignee_name, assignee_dept, assignee_phone, remark, status, completed_at) VALUES ('OMEGA', 2, 15, '대구', 'OUT-대구-20251106-001', TIMESTAMP '2025-11-06 08:00:00', TIMESTAMP '2025-11-08 08:00:00', NULL, 'WAREHOUSE', 'DEFAULT', '010-7000-7000', NULL, 'COMPLETED', TIMESTAMP '2025-11-07 09:30:00');
INSERT INTO shipping_note (branch_name, item_kinds_number, total_qty, warehouse_code, shipping_no, requested_at, expected_ship_date, shipped_at, assignee_name, assignee_dept, assignee_phone, remark, status, completed_at) VALUES ('SIGMA', 2, 18, '광주', 'OUT-광주-20251107-001', TIMESTAMP '2025-11-07 13:00:00', TIMESTAMP '2025-11-09 13:00:00', NULL, 'WAREHOUSE', 'DEFAULT', '010-8000-8000', NULL, 'IN_PROGRESS', NULL);

-- Shipping lines (>=12)
INSERT INTO shipping_note_line (note_id, product_id, product_lot, product_code, product_name, product_img_url, ordered_qty, picked_qty, status, remark) VALUES ((SELECT note_id FROM shipping_note WHERE shipping_no='OUT-부산-20251103-001'), (SELECT id FROM part WHERE code='볼트-001'), 'Han-20251031-볼트-001', '볼트-001', '육각 볼트 M10', NULL, 10, 10, 'READY', NULL);
INSERT INTO shipping_note_line (note_id, product_id, product_lot, product_code, product_name, product_img_url, ordered_qty, picked_qty, status, remark) VALUES ((SELECT note_id FROM shipping_note WHERE shipping_no='OUT-부산-20251103-001'), (SELECT id FROM part WHERE code='필터-002'), 'Meg-20251031-필터-002', '필터-002', '에어 필터', '/img/filter-002.png', 20, 5, 'PENDING', NULL);
INSERT INTO shipping_note_line (note_id, product_id, product_lot, product_code, product_name, product_img_url, ordered_qty, picked_qty, status, remark) VALUES ((SELECT note_id FROM shipping_note WHERE shipping_no='OUT-서울-20251104-001'), (SELECT id FROM part WHERE code='전장-001'), 'Meg-20251101-전장-001', '전장-001', '알터네이터', '/img/alt-001.png', 10, 0, 'PENDING', NULL);
INSERT INTO shipping_note_line (note_id, product_id, product_lot, product_code, product_name, product_img_url, ordered_qty, picked_qty, status, remark) VALUES ((SELECT note_id FROM shipping_note WHERE shipping_no='OUT-서울-20251104-001'), (SELECT id FROM part WHERE code='오일-001'), 'Cor-20251101-오일-001', '오일-001', '엔진 오일 1L', '/img/oil-001.png', 15, 0, 'PENDING', NULL);
INSERT INTO shipping_note_line (note_id, product_id, product_lot, product_code, product_name, product_img_url, ordered_qty, picked_qty, status, remark) VALUES ((SELECT note_id FROM shipping_note WHERE shipping_no='OUT-서울-20251104-001'), (SELECT id FROM part WHERE code='차체-001'), 'Aut-20251101-차체-001', '차체-001', '프런트 범퍼', '/img/bumper-001.png', 0, 0, 'PENDING', 'Await payment');
INSERT INTO shipping_note_line (note_id, product_id, product_lot, product_code, product_name, product_img_url, ordered_qty, picked_qty, status, remark) VALUES ((SELECT note_id FROM shipping_note WHERE shipping_no='OUT-대전-20251105-001'), (SELECT id FROM part WHERE code='볼트-002'), 'Aut-20251102-볼트-002', '볼트-002', '육각 볼트 M12', NULL, 10, 10, 'READY', NULL);
INSERT INTO shipping_note_line (note_id, product_id, product_lot, product_code, product_name, product_img_url, ordered_qty, picked_qty, status, remark) VALUES ((SELECT note_id FROM shipping_note WHERE shipping_no='OUT-대전-20251105-001'), (SELECT id FROM part WHERE code='오일-002'), 'Han-20251102-오일-002', '오일-002', 'ATF 오일', '/img/oil-002.png', 10, 5, 'SHORTAGE', 'Insufficient stock');
INSERT INTO shipping_note_line (note_id, product_id, product_lot, product_code, product_name, product_img_url, ordered_qty, picked_qty, status, remark) VALUES ((SELECT note_id FROM shipping_note WHERE shipping_no='OUT-대구-20251106-001'), (SELECT id FROM part WHERE code='차체-002'), 'Cor-20251103-차체-002', '차체-002', '도어 핸들', NULL, 8, 8, 'READY', NULL);
INSERT INTO shipping_note_line (note_id, product_id, product_lot, product_code, product_name, product_img_url, ordered_qty, picked_qty, status, remark) VALUES ((SELECT note_id FROM shipping_note WHERE shipping_no='OUT-대구-20251106-001'), (SELECT id FROM part WHERE code='필터-001'), 'Han-20251103-필터-001', '필터-001', '오일 필터', '/img/filter-001.png', 7, 7, 'READY', NULL);
INSERT INTO shipping_note_line (note_id, product_id, product_lot, product_code, product_name, product_img_url, ordered_qty, picked_qty, status, remark) VALUES ((SELECT note_id FROM shipping_note WHERE shipping_no='OUT-광주-20251107-001'), (SELECT id FROM part WHERE code='전장-002'), 'Neo-20251104-전장-002', '전장-002', '배터리 70Ah', '/img/batt-002.png', 9, 0, 'PENDING', NULL);
INSERT INTO shipping_note_line (note_id, product_id, product_lot, product_code, product_name, product_img_url, ordered_qty, picked_qty, status, remark) VALUES ((SELECT note_id FROM shipping_note WHERE shipping_no='OUT-광주-20251107-001'), (SELECT id FROM part WHERE code='오일-001'), 'Cor-20251104-오일-001', '오일-001', '엔진 오일 1L', '/img/oil-001.png', 9, 0, 'PENDING', NULL);
INSERT INTO shipping_note_line (note_id, product_id, product_lot, product_code, product_name, product_img_url, ordered_qty, picked_qty, status, remark) VALUES ((SELECT note_id FROM shipping_note WHERE shipping_no='OUT-광주-20251107-001'), (SELECT id FROM part WHERE code='볼트-001'), 'Han-20251104-볼트-001', '볼트-001', '육각 볼트 M10', NULL, 0, 0, 'PENDING', 'Hold');

-- End of import_2.sql
